	compound	subset	sentence_type	expected_item
0	cold turkey	Sample	literal	20134851583.png
1	seal of approval	Train	idiomatic	76425862018.png
2	best man	Train	literal	19622842574.png
3	new blood	Sample	literal	60841620898.png
4	ancient history	Sample	idiomatic	26774440560.png
5	agony aunt	Sample	idiomatic	12065767986.png
6	open goal	Train	literal	09897407571.png
7	white whale	Train	literal	98592494872.png
8	bad apple	Sample	idiomatic	09109572696.png
9	guinea pig	Sample	literal	81049002990.png
10	dead wood	Train	idiomatic	64548558763.png
11	panda car	Sample	idiomatic	83436219895.png
12	bells and whistles	Train	literal	13347315101.png
13	swan song	Train	literal	56958129295.png
14	silver bullet	Train	literal	79568847660.png
15	acid test	Sample	literal	03477151572.png
16	cutting edge	Sample	literal	18122871103.png
17	second nature	Train	literal	89339243623.png
18	dutch courage	Train	idiomatic	34356604733.png
19	sour grapes	Sample	idiomatic	31339756813.png
