	compound	subset	sentence_type	sentence	expected_order
0	algodão doce	Extended Evaluation	literal	Esbarrei no pote de açúcar e no pacote de algodão que estavam sobre a mesa. Os dois caíram e se espalharam pelo chão. Na hora, meu cachorro abocanhou aquele algodão doce e saiu correndo.	['76991402308.png', '01963870904.png', '54974530880.png', '46342616579.png', '43315663422.png']
1	alta costura	Extended Evaluation	literal	A costura da barra do vestido ficou mais alta do que deveria, e essa alta costura acabou deixando o vestido muito curto.	['10494112574.png', '43435037333.png', '00907244188.png', '92343997649.png', '08530317839.png']
2	alto mar	Extended Evaluation	idiomatic	Realizar operações aéreas em alto mar exige um elevado grau de preparação de todos os profissionais envolvidos.	['20667720055.png', '26245408582.png', '81229429690.png', '51397640827.png', '91749666592.png']
3	amigo secreto	Extended Evaluation	idiomatic	Minha família decidiu fazer amigo secreto para trocar presentes no Natal deste ano.	['38825902006.png', '43828698891.png', '82819688611.png', '00250546576.png', '02814216837.png']
4	arma branca	Extended Evaluation	literal	Meu filho pediu de aniversário uma arma de atirar água nas cores vermelha, azul e amarela, mas quando fui comprar só achei a arma branca e azul.	['81108362071.png', '03998995806.png', '47348006359.png', '43049204203.png', '84211215111.png']
5	banho turco	Extended Evaluation	idiomatic	O calor do banho turco ajuda a relaxar os músculos, aliviando a tensão e reduzindo a rigidez.	['71383908608.png', '59253227721.png', '46948834758.png', '73202659692.png', '14348193594.png']
6	braço direito	Extended Evaluation	literal	Acordei com o meu braço direito formigando hoje.	['55263872378.png', '84086276615.png', '13288431794.png', '55361080983.png', '21185767775.png']
7	caixa forte	Extended Evaluation	literal	A minha encomenda chegou em uma caixa grande de metal, e foi o maior sacrifício abrir essa caixa forte.	['01792792460.png', '87286504634.png', '15525617992.png', '11799940724.png', '12696054204.png']
8	caixa preta	Extended Evaluation	idiomatic	A auditoria revelou que as finanças da organização eram uma verdadeira caixa preta, difíceis de entender e cheias de informações ocultas.	['06874048770.png', '33321322938.png', '31934559070.png', '82920995626.png', '94847942180.png']
9	carro forte	Extended Evaluation	literal	Pedro sofreu um acidente na estrada, mas não se machucou graças ao seu carro forte.	['20027545588.png', '24343301253.png', '13536041418.png', '05269341861.png', '61699275340.png']
10	cerca viva	Extended Evaluation	literal	As pessoas fizeram uma roda em torno da criança para protegê-la e, graças a essa cerca viva humana, a criança não sofreu nenhum dano.	['00069646658.png', '97445145345.png', '53220525728.png', '61481140606.png', '19319971299.png']
11	cheiro verde	Extended Evaluation	literal	Toda a decoração do salão era verde - toalhas, cortinas, bancos - estava tudo tão verde que até o cheiro parecia um cheiro verde.	['57603329497.png', '01491230602.png', '29571520509.png', '53902254636.png', '43197961790.png']
12	corda bamba	Extended Evaluation	idiomatic	Tomar decisões importantes em meio à crise era como andar numa corda bamba, exigindo equilíbrio constante para não cair.	['55675470703.png', '22426959901.png', '16029109639.png', '08790498808.png', '44735858825.png']
13	curto circuito	Extended Evaluation	idiomatic	Houve um curto circuito no sistema elétrico da casa, causando um apagão repentino e faíscas no quadro de luz.	['22009309956.png', '93692556424.png', '95011199500.png', '90045553656.png', '13037206224.png']
14	disco rígido	Extended Evaluation	literal	Fui à loja comprar um disco novo para a minha centrífuga e havia discos de dois tipos: disco rígido e disco flexível.	['14075744852.png', '39398127910.png', '79923431046.png', '25612775807.png', '28835297477.png']
15	disco voador	Extended Evaluation	idiomatic	Na noite clara, os observadores avistaram um disco voador brilhante cruzando o céu, despertando a curiosidade e a imaginação de todos.	['55518491270.png', '71360829033.png', '92719216238.png', '33365262371.png', '48961713079.png']
16	elefante branco	Extended Evaluation	idiomatic	O novo estádio da cidade se tornou um elefante branco, custando muito mais do que o previsto e raramente sendo utilizado para eventos.	['99870737925.png', '87158247384.png', '77439007565.png', '46330939075.png', '88532676122.png']
17	gato pingado	Extended Evaluation	idiomatic	Na festa, havia apenas um gato pingado de convidados, o que deixou o ambiente bem tranquilo e descontraído.	['71143056610.png', '87614425961.png', '74558747736.png', '32144968929.png', '45249456206.png']
18	gelo seco	Extended Evaluation	literal	Costuma nevar muito durante o inverno e a cidade fica cheia de gelo, mas agora, com a primavera e o gelo seco, podemos ver as montanhas verdes de novo.	['78804052626.png', '45922182276.png', '90991242696.png', '27323655179.png', '12819922685.png']
19	gripe suína	Extended Evaluation	literal	Os porcos estão com uma virose que parece uma gripe humana, podemos até dizer que eles estão com uma gripe suína.	['78997494450.png', '97611758226.png', '67325080333.png', '30462720602.png', '35175533063.png']
20	jogo duro	Extended Evaluation	literal	Há dois tipos de jogo americano disponíveis na loja, um jogo flexível feito de tecido e um jogo duro feito de plástico.	['55447288644.png', '19159162392.png', '70429165079.png', '12449160893.png', '11599258124.png']
21	juízo final	Extended Evaluation	idiomatic	Ao som das trombetas, muitos acreditam que o juízo final trará a revelação de todas as verdades e o destino eterno de cada alma.	['39213835811.png', '19377475812.png', '00557743995.png', '01645840038.png', '96200261638.png']
22	lista negra	Extended Evaluation	idiomatic	Após o incidente, ele foi colocado na lista negra da empresa, perdendo qualquer chance de futuras oportunidades de trabalho ali.	['28527429507.png', '94539540745.png', '79082346492.png', '30755659521.png', '70151054664.png']
23	livro aberto	Extended Evaluation	literal	O livro aberto continuou sobre a mesa o mês inteiro até ela voltar de viagem.	['41688200082.png', '48495268268.png', '15227623701.png', '28260684511.png', '40211155472.png']
24	longa metragem	Extended Evaluation	idiomatic	O diretor lançou seu primeiro longa metragem, uma obra intensa e emocional que conquistou a crítica.	['70806035766.png', '73072631567.png', '47288934067.png', '00184262364.png', '01776707448.png']
25	massa cinzenta	Extended Evaluation	idiomatic	Para resolver problemas complexos, é preciso usar a massa cinzenta e pensar de forma crítica e criativa.	['35045678268.png', '55971617439.png', '10293634630.png', '07003071697.png', '86551213335.png']
26	mercado negro	Extended Evaluation	literal	O dono pintou o mercado todo de preto, e aquele mercado negro despertou a curiosidade dos clientes.	['81804921116.png', '80505287692.png', '56611982424.png', '78217818585.png', '05453652834.png']
27	mesa redonda	Extended Evaluation	literal	Comprei uma mesa redonda para redecorar minha sala.	['58661576337.png', '31281175433.png', '47490792959.png', '17104382288.png', '76336083625.png']
28	montanha russa	Extended Evaluation	idiomatic	Esse último ano foi uma montanha russa de emoções, cheio de altos e baixos inesperados.	['48000570414.png', '30596430155.png', '27452239821.png', '04136998254.png', '56568537746.png']
29	novo mundo	Extended Evaluation	literal	Os cientistas acreditam que existe um novo mundo em outro planeta.	['01344514248.png', '87793217488.png', '90472404759.png', '01029746161.png', '51875364861.png']
30	novo rico	Extended Evaluation	idiomatic	Ele sempre ostenta seus bens como um novo rico, tentando impressionar a todos.	['59395138058.png', '78719221912.png', '38276081321.png', '31926730471.png', '24316077633.png']
31	olho gordo	Extended Evaluation	literal	Pedro levou uma bolada e ficou com o olho gordo de tão inchado.	['15343968462.png', '96577312317.png', '42099589203.png', '61335458382.png', '85236553008.png']
32	olho mágico	Extended Evaluation	literal	Clara tem um olho mágico de tão azul e cristalino que é.	['40317262203.png', '61567799074.png', '59871852930.png', '06733880195.png', '10016438339.png']
33	ovelha negra	Extended Evaluation	idiomatic	Ele sempre foi visto como a ovelha negra da família, por seguir um caminho totalmente diferente dos demais.	['75691442180.png', '17568130541.png', '90741418431.png', '96752892901.png', '76605796211.png']
34	pavio curto	Extended Evaluation	idiomatic	Ele tem o pavio curto, então qualquer comentário pode fazê-lo perder a paciência rapidamente.	['34793734599.png', '09945428428.png', '43234867136.png', '28072379331.png', '16283110785.png']
35	planta baixa	Extended Evaluation	idiomatic	Antes de iniciar a reforma, é fundamental revisar a planta baixa do apartamento para entender a disposição dos espaços.	['86288907043.png', '25010180762.png', '18251263626.png', '42583064129.png', '40658463384.png']
36	pombo correio	Extended Evaluation	idiomatic	Ela sempre leva os recados e as notícias de um lado para o outro, é um verdadeiro pombo correio da equipe.	['76359230981.png', '01720463831.png', '66315682754.png', '78701867279.png', '99902118398.png']
37	primeira dama	Extended Evaluation	idiomatic	Ela se casou com o prefeito e agora é a primeira dama da cidade.	['82168301784.png', '72407917859.png', '03278192897.png', '98805006333.png', '44487340666.png']
38	primeira mão	Extended Evaluation	literal	Júlia escondeu os presentes nas mãos; na primeira mão estava o anel, na segunda, estava o colar.	['21023682547.png', '34775702763.png', '18992745808.png', '06843000638.png', '93565989229.png']
39	primeiro ministro	Extended Evaluation	literal	O primeiro ministro a rezar uma missa na igreja da cidade era muito jovem.	['40002072656.png', '48435404488.png', '19617788030.png', '84339338979.png', '90183978420.png']
40	pronto socorro	Extended Evaluation	idiomatic	Ela precisou ser levada rapidamente ao pronto socorro depois de sentir uma forte dor no peito.	['46436377691.png', '77209910214.png', '29142719051.png', '69647332722.png', '63356671575.png']
41	príncipe encantado	Extended Evaluation	idiomatic	Ela sempre sonhou que seu parceiro seria um príncipe encantado, alguém que a tratasse como uma verdadeira rainha.	['50984966445.png', '96926498593.png', '43777556486.png', '13356766168.png', '52333327287.png']
42	puro sangue	Extended Evaluation	idiomatic	O cavalo puro sangue correu com uma velocidade impressionante, deixando todos os outros competidores para trás.	['69057245214.png', '85677903642.png', '62527199434.png', '26912695929.png', '08243847814.png']
43	pão duro	Extended Evaluation	idiomatic	Ele é tão pão duro que evita até gastar com coisas básicas, só para economizar mais dinheiro.	['62820229543.png', '07583249163.png', '37428396887.png', '34361173204.png', '02718324092.png']
44	pé frio	Extended Evaluation	literal	Ricardo se sentou longe do aquecedor e acabou ficando com o pé frio.	['91029018050.png', '96323774068.png', '81497551476.png', '33510792979.png', '02425251798.png']
45	pé quente	Extended Evaluation	idiomatic	Desde que ele começou a torcer pelo time, a sorte mudou e eles venceram todos os jogos; ele é realmente um pé quente.	['71390096023.png', '07081754142.png', '93089791023.png', '62234785802.png', '15753184660.png']
46	quadro negro	Extended Evaluation	literal	Na galeria havia um quadro negro, e os visitantes se perguntavam por que o quadro era negro e não branco.	['47983660205.png', '84073854133.png', '29952355154.png', '88100514258.png', '93160948957.png']
47	roda gigante	Extended Evaluation	idiomatic	Durante a festa, subimos na roda gigante e a vista lá de cima era simplesmente deslumbrante.	['98280097333.png', '17856154919.png', '04173258290.png', '19382085681.png', '00079992991.png']
48	sangue quente	Extended Evaluation	literal	O paciente estava congelado pelo frio, mas os socorristas o aqueceram com uma manta e o sangue quente voltou a circular pelo seu corpo.	['34672517182.png', '78702543147.png', '63220449984.png', '84809196483.png', '97344944501.png']
49	secretária eletrônica	Extended Evaluation	idiomatic	"Na secretária eletrônica do celular eu gravei a mensagem ""Estou em casa em o momento. Deixe sua mensagem e eu lhe responderei assim que sair novamente."""	['60860878617.png', '58990864888.png', '49412125746.png', '55742029176.png', '32531407472.png']
50	sinal verde	Extended Evaluation	idiomatic	Ontem, a Comissão de Valores Mobiliários (CVM) deu o sinal verde para que os bancos façam ofertas públicas de letras.	['22827725291.png', '55173282067.png', '99153724367.png', '65653763851.png', '54336594849.png']
51	sétima arte	Extended Evaluation	idiomatic	Walter mostrou à plateia o primeiro livro que lhe fez se apaixonar pela sétima arte: uma edição ilustrada do filme francês O Balão Vermelho (1956), de Albert Lamorisse. 	['16721975385.png', '94558215527.png', '52138908053.png', '27913156744.png', '42471617131.png']
52	tapete vermelho	Extended Evaluation	literal	O papel florido das paredes, o tapete vermelho e a lareira encimada por painéis pareciam estar lá desde a virada de o século.	['22274405716.png', '38639302655.png', '28174511648.png', '49633919700.png', '67383117148.png']
53	terceira idade	Extended Evaluation	idiomatic	Na terceira idade, é comum aparecerem incômodos como dores articulares, diminuição de o tônus muscular e problemas de coluna.	['46930061193.png', '66567147551.png', '39020873085.png', '05241024222.png', '95208751859.png']
54	água doce	Extended Evaluation	idiomatic	Estima- se em 1,35 milhão de km3 o volume total de água na Terra. Desse total, 2,5 % é de água doce, mas que se encontra em geleiras ou aquíferos de difícil acesso.	['84739021074.png', '68178644082.png', '22160568554.png', '36893807664.png', '18058574431.png']
