	compound	subset	sentence_type	sentence	expected_order
0	fancy dress	Test	idiomatic	The place got quite lively at one stage as a hen party moved in, with the bride-to-be in fancy dress with large balloons tied onto her.	['43670033490.png', '45389865852.png', '65755309474.png', '72797581852.png', '11808985396.png']
1	snail mail	Test	idiomatic	After all, they barely even have snail mail in some of those remote places.	['31049454151.png', '24639326786.png', '27018692457.png', '91154094962.png', '09254572954.png']
2	heart of stone	Test	literal	The ancient golem, with a heart of stone that pulsed with an unnatural rhythm, lumbered through the city streets, its granite feet scraping against the cobblestones.	['13350308803.png', '45033916255.png', '97523495930.png', '84521115480.png', '79233808856.png']
3	party animal	Test	literal	The mischievous raccoon, a notorious party animal of the forest, was caught red-handed raiding the local bakery for birthday cakes.	['80922176096.png', '08721273042.png', '07306529488.png', '19342198514.png', '26309329095.png']
4	cold feet	Test	idiomatic	True, some investors may still have cold feet from the summer of five years prior and the consequential financial collapse.	['59343739282.png', '92168331118.png', '35077089633.png', '50373128271.png', '29807488564.png']
5	couch potato	Test	idiomatic	The government is introducing an active sport programme at a time when too many of the population are becoming couch potatoes.	['93116409491.png', '84891772104.png', '67148579841.png', '16101473097.png', '09002878437.png']
6	peas in a pod	Test	literal	We usually stuff it with corks, peanuts or fresh peas in a pod; it is very reasonable price for a long lasting toy which gives years of satisfaction.	['96280533446.png', '80336068423.png', '52011237278.png', '43738328497.png', '51150139847.png']
7	sour grapes	Test	idiomatic	At first I thought that complaints that the prize was politically motivated were just sour grapes, but two things about this year's award suggest otherwise.	['92101799580.png', '02185550911.png', '29026133929.png', '42436595903.png', '00860834084.png']
8	hot air	Test	literal	The concentrate is then passed through an atomising spray into a stream of hot air to evaporate the water and leave a fine coffee powder.	['27685661048.png', '12707396711.png', '69693176738.png', '28600146338.png', '85108170750.png']
9	green light	Test	idiomatic	The Scotish government will give the green light for up to 1,000 offshore wind turbines to be built in two locations off the Scottish coast.	['43930726135.png', '86644478548.png', '58529637108.png', '62436531550.png', '11179580380.png']
10	watering hole	Test	idiomatic	If you want to feel like an actual pirate, the music is what you would want to hear when pulling into a foreign port and visiting the local watering hole with the urge to party all night.	['51222203504.png', '10734342674.png', '53034674028.png', '75931438067.png', '88336355173.png']
11	flying saucer	Test	literal	Suddenly, Chris hurled the tea tray against the wall in frustration, and I had to duck to avoid being struck by a flying saucer which whistled past my ear.	['28810159615.png', '86222683882.png', '92467678238.png', '27939388808.png', '46116271329.png']
12	act of god	Test	literal	Man is produced by a direct creative act of God, and he alone is God's image.	['96149522237.png', '81503831939.png', '80720631302.png', '73444821016.png', '13874381277.png']
13	field work	Test	literal	Seasonal farm workers are primarily employed on a part-time basis in field work related to the planting, harvest or production of crops.	['73818470572.png', '38700355591.png', '61092224860.png', '39911572381.png', '41832809421.png']
14	big wig	Test	idiomatic	He was married three times, was a mason, a championship level clay pigeon shooter and a big wig in the local Tory party.	['66003146576.png', '29869691296.png', '94265143928.png', '66170384579.png', '51061165669.png']
