	compound	subset	sentence_type	sentence	expected_order
0	elbow grease	Extended Evaluation	literal	After a long day supporting herself with her arms, she applied some elbow grease to soothe her dry, cracked skin.	['53956536828.png', '89421546505.png', '75007297939.png', '54318499613.png', '83770618351.png']
1	night owl	Extended Evaluation	literal	The photographer stayed up until midnight to capture a perfect shot of the elusive night owl.	['16314377152.png', '80731118574.png', '55929836282.png', '27691426039.png', '68674522585.png']
2	heart of gold	Extended Evaluation	literal	Among the museum's rarest items they found a priceless heart of gold, gleaming under the soft lights.	['60714765388.png', '78172995823.png', '55746234435.png', '83895016827.png', '52842957936.png']
3	agony aunt	Extended Evaluation	literal	The agony aunt crawls the ruins of the city with her nieces, harvesting the pain and suffering of the souls trapped there.	['88126380876.png', '21394025159.png', '40775868986.png', '50587395734.png', '01408794276.png']
4	shrinking violet	Extended Evaluation	literal	In her garden, she noticed a shrinking violet that seemed to be suffering from the lack of sunlight.	['23979985966.png', '55540866075.png', '43951540029.png', '25967767410.png', '25933704487.png']
5	green fingers	Extended Evaluation	idiomatic	The children already have green fingers as they help out with their school's vegetable plot and enthusiastically responded to questions.	['70936009357.png', '29854395655.png', '43414790477.png', '51782240579.png', '07743769938.png']
6	ancient history	Extended Evaluation	idiomatic	Lyn says that her relationship with Paul is ancient history, but Steph thinks that she should go and see him to give him a chance to apologise.	['97540502135.png', '39584746177.png', '53429312794.png', '15402740669.png', '51374270028.png']
7	banana republic	Extended Evaluation	literal	Your fruit kingdom can become an apple empire, banana republic or strawberry theocracy, with unique development options for each.	['80123979369.png', '05928346341.png', '43229839208.png', '14192014956.png', '90674946651.png']
8	devil's advocate	Extended Evaluation	idiomatic	"I do advise them on ideas for content, she said, ""and play devil's advocate to make sure that their story ideas are solid and they have a plan for a good angle and reporting."""	['11865036249.png', '48309418447.png', '81206718854.png', '80870932750.png', '25960475839.png']
9	private eye	Extended Evaluation	literal	The actor insists on wearing contacts at all times to keep his private eye from the public gaze; paranoia, or sensible caution in the age of biometrics?	['87498191449.png', '21267943307.png', '91993250641.png', '10311597908.png', '60014142814.png']
10	pipe dream	Extended Evaluation	literal	I don't smoke often, but when I do I often experience some weird things in my sleep; my latest pipe dream had me sharing a hookah with the caterpillar from Alice in Wonderland.	['11907312144.png', '57463769823.png', '46588351169.png', '14993831892.png', '40552863210.png']
11	piece of cake	Extended Evaluation	idiomatic	I thought the exam was going to be a piece of cake, but I was surprised by the second question.	['73627085152.png', '47280802137.png', '45954325610.png', '78300132037.png', '96742318853.png']
12	rocket science	Extended Evaluation	literal	Long before the development of modern rockets, Sir Isaac Newton described the principles of rocket science in three laws of motion.	['66275463015.png', '73009296379.png', '75453921602.png', '59103380515.png', '72827061636.png']
13	brass ring	Extended Evaluation	idiomatic	Too many fantasy writers have tried for the brass ring and failed miserably in the attempt.	['16351831695.png', '10581997532.png', '08929950286.png', '54813170481.png', '07476300576.png']
14	apples and oranges	Extended Evaluation	idiomatic	Smashing Pumpkins or Nirvana? It's kind of apples and oranges for me - they both have charms and I liked them for different reasons.	['48432767431.png', '29933712743.png', '96185371174.png', '67904835273.png', '35115093658.png']
15	nest egg	Extended Evaluation	literal	I climbed the tree to get a closer look, and to my surprise, I found a nest egg tucked away in the branches.	['94107945369.png', '21138335434.png', '87004185058.png', '47082049425.png', '31657795951.png']
16	ghost town	Extended Evaluation	idiomatic	With the mines closing down in the early 1990's it tumbled into the darkness of a small, quiet ghost town.	['29411499493.png', '50414780326.png', '94325475163.png', '97652241912.png', '08949114807.png']
17	bull market	Extended Evaluation	literal	Desperate for a solution to her family's financial worries, she headed to the annual bull market with their prize stud in tow.	['88034903673.png', '21912598627.png', '07023659364.png', '48418845219.png', '45555767005.png']
18	beached whale	Extended Evaluation	literal	Emotions flowed over the beached whale that washed up on the shores of Paraparaumu on Wednesday, and was subsequently buried yesterday.	['06346990492.png', '71430402940.png', '03399558290.png', '16131537048.png', '11919082026.png']
19	flower child	Extended Evaluation	idiomatic	Many of the images here are affectingly representative of their times, including flower children placing daisies into the rifles of US soldiers.	['12435648961.png', '94625151408.png', '99161052871.png', '56477859881.png', '09432574688.png']
20	copy cat	Extended Evaluation	idiomatic	If they got the Ripper, the crimes of the copy cat could be dealt with easily.	['18408108150.png', '26267031685.png', '61863459734.png', '49190813558.png', '55219430200.png']
21	lounge lizard	Extended Evaluation	literal	Our lounge lizard likes to sit on the arm of the couch and warm his scales in a sunbeam while we watch TV.	['65157043828.png', '04595577621.png', '01256632401.png', '82373841796.png', '66739252860.png']
22	secret santa	Extended Evaluation	idiomatic	She got very annoyed when some wag got her a puncture repair kit as a secret santa.	['96264650702.png', '37959079967.png', '05850548023.png', '12319434549.png', '29100342345.png']
23	dirty word	Extended Evaluation	idiomatic	We spend our formative years being obsessed by the city and considering suburb as a dirty word.	['88487322985.png', '15318471236.png', '61495468652.png', '74812722309.png', '49261751438.png']
24	close shave	Extended Evaluation	idiomatic	But Swindon had a similar close shave in the last seconds of full time as Philliskirk hit the crossbar and the game went into extra time.	['91593118528.png', '14663078800.png', '08653817686.png', '93533854612.png', '88222935713.png']
25	donkey work	Extended Evaluation	idiomatic	Each year he was able to persuade half a dozen of his friends from upcountry to come down to St Ives and do the festival's donkey work in return for a fortnight's accommodation.	['61839746143.png', '81617691887.png', '48515505986.png', '31200897807.png', '09316292173.png']
26	bear market	Extended Evaluation	literal	I was shocked to have stumbled across a back-street bear market where the poor animals were caged and prodded with sticks to enrage them.	['66795610635.png', '16768268182.png', '14065497534.png', '06228947673.png', '32773383377.png']
27	top dog	Extended Evaluation	idiomatic	We now face a future where we're no longer top dog 	['72321178201.png', '40153396214.png', '72904874110.png', '55221934916.png', '37163222697.png']
28	dog's dinner	Extended Evaluation	idiomatic	Among a whole myriad of amendments, which make the bill a complete dog's dinner because they are contradictory, inconsistent, and unconstitutional.	['40095724988.png', '99291346099.png', '21275236775.png', '30615098585.png', '35718865621.png']
29	white hat	Extended Evaluation	literal	In an elegant black dress, a triple string of pearls and a white hat, she was dressed to start a new life.	['14739229925.png', '97994153917.png', '04496184442.png', '95474803527.png', '51687164477.png']
30	smoking gun	Extended Evaluation	literal	He had soon fired his third shot, and stood with the smoking gun lowered and his eyes fixed on the target in concentrated expectancy.	['42449442342.png', '42920308363.png', '81576724950.png', '03685123161.png', '67463585344.png']
31	old flame	Extended Evaluation	literal	Despite the wind, the old flame from the candle still danced, illuminating the room with its gentle glow.	['30823393399.png', '73333909208.png', '55552414089.png', '79092352026.png', '81080000842.png']
32	zebra crossing	Extended Evaluation	idiomatic	Most drivers fail to stop at the zebra crossings for the pedestrians.	['75959858551.png', '18225399478.png', '83818839522.png', '94649072829.png', '16463331037.png']
33	eye candy	Extended Evaluation	idiomatic	They gave me the impression that the development team has been focusing too much on eye candy rather than actual gameplay or level design.	['57263089958.png', '50252230329.png', '70654112428.png', '25738094507.png', '29694722559.png']
34	ivory tower	Extended Evaluation	literal	Several herds of elephants were hunted and their bones used to construct an ivory tower which reached high above the trees of the plain.	['56440001254.png', '59054882152.png', '79586328515.png', '30160253712.png', '17382000611.png']
35	black sheep	Extended Evaluation	literal	Imagine wools in rich, warm, earthy tones from black sheep, goats, buffalo, and wooly dogs (now extinct).	['57264782475.png', '71269583529.png', '31971976890.png', '01936644606.png', '30541235434.png']
36	armchair critic	Extended Evaluation	idiomatic	He will be quoted as an example of all that is wrong with the game by every armchair critic in Wales.	['90456103732.png', '86700414224.png', '39616645430.png', '84957437160.png', '09100718170.png']
37	gravy train	Extended Evaluation	literal	The gravy train, filled to the brim with rich, flavorful sauce, was the children's favorite part of the dinner.	['12374006769.png', '73652621749.png', '82220888311.png', '28461907923.png', '60253165560.png']
38	rat race	Extended Evaluation	literal	The highlight of the day's entertainment was a rat race in which a dozen rodents were egged on by a raucous crowd of spectators and gamblers.	['32558261396.png', '89158179077.png', '51046669176.png', '36422469862.png', '84228190480.png']
39	hot potato	Extended Evaluation	idiomatic	The pipeline is set to create a human rights disaster in the region, and has become such a hot potato that the Bank has postponed the decision.	['46916305307.png', '71196374341.png', '31815925538.png', '94614552819.png', '00316911039.png']
40	spring chicken	Extended Evaluation	literal	Today's special is spring chicken, marinated in yogurt-based marinade overnight and baked on skewers in the tandoor.	['37800920725.png', '70037209015.png', '60416047529.png', '21428198864.png', '64247081689.png']
41	love triangle	Extended Evaluation	idiomatic	Several adaptations exist, most dealing with the love triangle between Arthur, Guinevere and Lancelot.	['49755123553.png', '65927883983.png', '65798102886.png', '69764339314.png', '11639052184.png']
42	black box	Extended Evaluation	idiomatic	Smart sensors are sold as black boxes despite the fact that their safety justification might require knowledge of their internal structure and development process.	['26884594713.png', '87384116939.png', '39145239973.png', '50951411222.png', '66628846925.png']
43	hen party	Extended Evaluation	idiomatic	You can spot the hen parties easily because they always dress in stupid outfits or matching T-shirts with their names printed on.	['66887648027.png', '86653361001.png', '50511432270.png', '26456972848.png', '71573783923.png']
44	acid test	Extended Evaluation	idiomatic	It is one thing leading the pack in January, however, another is the acid test that Sunday's trip to champions Liverpool will provide.	['62296298786.png', '90925081313.png', '80893198164.png', '34849537511.png', '12066404241.png']
45	inner circle	Extended Evaluation	literal	I marked out an inner circle a metre in diameter and then put in some more garden edging around the edge to give the centre extra height.	['10433479700.png', '60706873469.png', '20119490043.png', '69446290446.png', '28812121062.png']
46	bad apple	Extended Evaluation	literal	That's the difference - the good apple is nutritious and tasty and nice, whereas the bad apple is sour and rotten and full of maggots.	['99782833728.png', '58553847144.png', '54765167690.png', '62282197757.png', '20458981277.png']
47	honey trap	Extended Evaluation	literal	 The bear cautiously approached the honey trap, lured by the sweet scent, unaware that it would soon be caught.	['72790375409.png', '43560114615.png', '33325812915.png', '63117876455.png', '38508372325.png']
48	pins and needles	Extended Evaluation	idiomatic	Everyone can get pins and needles but see a GP if you keep getting it or it lasts a long time.	['07135127921.png', '82579944686.png', '89752627831.png', '96682934251.png', '88289923288.png']
49	bun in the oven	Extended Evaluation	idiomatic	Regardless, Jemma has now taken to social media to show a side-on view of her bun in the oven.	['31858421337.png', '29515437198.png', '72943307002.png', '17889304279.png', '60551317077.png']
50	loan shark	Extended Evaluation	idiomatic	The loan shark refused to accept a partial payment and demanded the full amount.	['92619052441.png', '55049464564.png', '75567985354.png', '08660391617.png', '66880647761.png']
51	open book	Extended Evaluation	literal	In the middle an angel holds an open book while Peter strikes a devil with the keys.	['84927520405.png', '91855381224.png', '36574318332.png', '58102832527.png', '99012761800.png']
52	baby blues	Extended Evaluation	literal	Babies' bright eyes are more likely to produce red-eye, so try and use a camera that has the Red Eye Fix feature to show your child's true baby blues, greens, or browns.	['11005336615.png', '33068197772.png', '31684003157.png', '19833274337.png', '62849851377.png']
53	silver bullet	Extended Evaluation	idiomatic	Many of these approaches are simply the current wave of silver bullets that will not substantially resolve data disparity or improve data resource quality.	['23944171415.png', '68877928696.png', '09207656233.png', '59839303756.png', '04503363622.png']
54	brain surgery	Extended Evaluation	literal	Patients with epilepsy now have another option for brain surgery that offers more precision and a faster recovery.	['71191903086.png', '20442615043.png', '10416852209.png', '40918296968.png', '17455175334.png']
55	red flag	Extended Evaluation	literal	During the student uprising that forms much of the climax of Les Miserables, the revolutionaries wave a red flag as a symbol of their movement.	['51123227037.png', '09473037844.png', '24711800336.png', '85508283712.png', '29362937388.png']
56	white elephant	Extended Evaluation	literal	When the King of Siam disliked a courtier, he gave him a beautiful and delicate white elephant as a gift.	['56662592882.png', '62331415632.png', '28664550570.png', '77203980100.png', '51874314739.png']
57	two-way street	Extended Evaluation	idiomatic	We're focusing our efforts on getting more men to participate and join the conversations, showing them that a lot of the discussion is a two-way street, and we need to be part of the dialogue as well.	['32356264066.png', '91317217680.png', '69489411423.png', '55703399816.png', '31016692162.png']
58	rat run	Extended Evaluation	literal	When you see a live rat, rat run or rat burrow, take action immediately.	['25994047622.png', '29070063823.png', '07336382258.png', '14133102788.png', '87333777066.png']
59	graveyard shift	Extended Evaluation	literal	It was my turn once again to do the graveyard shift at work, and I wasn't looking forward to being at the church surrounded by gravestones.	['52983630695.png', '18846899813.png', '30184672574.png', '81436235464.png', '86668940010.png']
60	dirty money	Extended Evaluation	literal	If you were to touch some dirty money and then a door knob, elevator button, or the touchscreen at the ATM, you could also spread infection.	['68533880634.png', '84475379327.png', '51899505120.png', '93149550181.png', '83209742595.png']
61	high life	Extended Evaluation	literal	The high life of the mountain goats mean they have developed increased lung capacity as well as remarkable agility.	['91841156293.png', '11973709938.png', '10788916549.png', '53517374110.png', '70491434286.png']
62	pain in the neck	Extended Evaluation	literal	It is often considered to be a pain in the neck to do business with the government other than for rare opportunities.	['16488268955.png', '86709359685.png', '44467076193.png', '84172420839.png', '13852598260.png']
63	guinea pig	Extended Evaluation	literal	Illness can be avoided by feeding appropriate diets which include commercial guinea pig pellets and varied fruits and vegetables.	['04490370826.png', '18292249172.png', '56347669587.png', '36043756273.png', '51959488623.png']
64	cat's eyes	Extended Evaluation	literal	Its title, according to Ms. Rusby, was inspired by coming home one dark night and only seeing her cat's eyes reflecting some dim light.	['75398702641.png', '28088645807.png', '12279059529.png', '21278040679.png', '74928445885.png']
65	cold turkey	Extended Evaluation	idiomatic	Braithwaite adds that in many cases going cold turkey can lead to relapse back to old habits – or worse ones.	['89255615846.png', '90736258605.png', '32437056738.png', '91804512023.png', '90646251287.png']
66	low-hanging fruit	Extended Evaluation	literal	She reached up and easily plucked the low-hanging fruit from the nearest branch and filled her basket with ripe, juicy apples.	['84470374054.png', '63283958696.png', '62857531640.png', '66028318152.png', '39732867560.png']
67	busy bee	Extended Evaluation	literal	The paperweight features an intricate busy bee buzzing through a summer garden landing on a delicate flower, contained in a stunning crystal.	['61558419193.png', '49004473411.png', '28808179999.png', '76109922823.png', '40630346875.png']
68	wet blanket	Extended Evaluation	idiomatic	"Those kinds of ""wise men"" are well-known as party poopers and wet blankets."	['42863262440.png', '35372588879.png', '77182843227.png', '82243393240.png', '89874256741.png']
69	chicken feed	Extended Evaluation	idiomatic	In comparison, the $2 billion spent on transit expansion is chicken feed.	['43154236098.png', '42021266929.png', '43412339170.png', '30913213178.png', '26714529074.png']
70	monkey business	Extended Evaluation	literal	The zookeeper spent his day taking care of the monkey business at the primate enclosure.	['10785368417.png', '72649821578.png', '80681439724.png', '45787426533.png', '10637062898.png']
71	grass roots	Extended Evaluation	idiomatic	You are interested in being an activist in your community pursuing social justice at the grass roots level.	['49551964525.png', '33707032129.png', '74835443484.png', '12731232116.png', '78694537841.png']
72	marching orders	Extended Evaluation	idiomatic	Defender Brown was given his marching orders after only three minutes on Saturday for a professional foul on Shane Long after Phil Bardsley's dreadful pass played the striker in.	['44986304147.png', '09457408154.png', '91213056375.png', '49256754318.png', '26757288989.png']
73	panda car	Extended Evaluation	idiomatic	I was on duty in a panda car when we had a call come in for a road traffic collision just around the corner.	['77234021476.png', '72601419282.png', '86197107698.png', '84385145423.png', '37054552617.png']
74	bread and butter	Extended Evaluation	literal	They wanted curry chicken and rice and with bread and butter.	['40594279474.png', '71004354835.png', '17709862739.png', '71752870147.png', '46368574131.png']
75	chocolate teapot	Extended Evaluation	idiomatic	Nonetheless, the striking partner of the two is often undermined by chocolate teapot Arsenal's defence.	['67856134529.png', '67358465992.png', '79200944840.png', '79994348383.png', '99459683233.png']
76	pig's ear	Extended Evaluation	literal	Some skilled chefs can make a pig's ear into a delicious dish.	['72616378734.png', '18561951536.png', '42073225938.png', '63927719884.png', '43362265392.png']
77	best man	Extended Evaluation	literal	The best man means the quickest driver and the most intelligent driver.	['93921871324.png', '11005371056.png', '79689178430.png', '34961724114.png', '85793157154.png']
78	big cheese	Extended Evaluation	idiomatic	I've just spent a week trawling round Silicon Valley, talking to a mix of developers, entrepreneurs, venture capitalists, industry observers and big cheeses from well established companies.	['17612195138.png', '36866228504.png', '49112573300.png', '29040165717.png', '99012169162.png']
79	eager beaver	Extended Evaluation	literal	Keen to get the river dam established in its habitat, the eager beaver set to work gathering sticks and felling trees with its teeth.	['28839941517.png', '51513642909.png', '95942965036.png', '59266456973.png', '25017117639.png']
80	hair of the dog	Extended Evaluation	idiomatic	In case a Bloody Mary over brunch isn't hair of the dog enough, why not add a lil' Scotch bonnet vodka to awaken your senses?	['61539988018.png', '31570626440.png', '03146997755.png', '64380930744.png', '30816803108.png']
81	thin ice	Extended Evaluation	literal	During the winter, children often play on thin ice, unaware of the danger beneath their feet.	['18624609456.png', '39017116618.png', '68558715707.png', '95056105505.png', '74712425282.png']
82	snake in the grass	Extended Evaluation	literal	After rescuing myself and my gear with my Sherpa's expert assistance, I photographed the sneaky snake in the grass and added the shot to my camouflage collection.	['15541370987.png', '64495652924.png', '64241276224.png', '54158907671.png', '32451976779.png']
83	flea market	Extended Evaluation	idiomatic	Some people view the site as an online flea market where supply and demand dictate prices.	['20807820505.png', '44724435746.png', '44905839681.png', '78568313497.png', '46527279771.png']
84	big fish	Extended Evaluation	idiomatic	Earlier this year, the big fish at Mattel Inc. was asked by an American magazine to name his favourite gadget.	['69957758831.png', '28669494669.png', '46105280457.png', '68146501570.png', '17521796783.png']
85	fancy dress	Extended Evaluation	literal	As a child I remember my sister and I used to always get a new fancy dress and often a hat to go along with it to wear to Sunday school.	['50473371617.png', '60488295277.png', '35198357938.png', '57457593080.png', '67168798558.png']
86	snail mail	Extended Evaluation	literal	The children giggled as they placed a tiny envelope on the back of a snail, imagining it as their new snail mail delivery service.	['66262026326.png', '63105469072.png', '93221951624.png', '55639808391.png', '75260638222.png']
87	heart of stone	Extended Evaluation	idiomatic	Charles would have to have a heart of stone to turn her over to Lilandra, or do anything else along those lines.	['93045914184.png', '08427139090.png', '25712817602.png', '54081884619.png', '50009687160.png']
88	party animal	Extended Evaluation	idiomatic	Milly was the party animal who has now settled down into the seemingly perfect life with a rockstar husband and two loving children.	['72270000198.png', '73233027279.png', '48124593961.png', '30386495465.png', '72156599201.png']
89	cold feet	Extended Evaluation	literal	The broad-shouldered man tightened the red scarf around his neck and blew on his hands, stamping his cold feet on the hard wet cobblestones.	['83320096501.png', '99653334567.png', '82626811100.png', '36769441292.png', '17053319065.png']
90	couch potato	Extended Evaluation	literal	After a long day, Sarah snuggled up on the sofa with her couch potato, a plush tuber-shaped cushion that had been a gift from her aunt.	['99235671458.png', '61438024110.png', '52357572472.png', '91885816572.png', '88542132857.png']
91	peas in a pod	Extended Evaluation	idiomatic	Spearfishermen are all shapes and sizes, they are not peas in a pod and nor are their guns if they optimize their design for their own purposes.	['98610033434.png', '59428809891.png', '23865135757.png', '24125643585.png', '03293059977.png']
92	sour grapes	Extended Evaluation	literal	The aromatic notes run the gamut from hints of lactic, acetic, definitely citric, with notes of tart apples, sour grapes and even some touches of exotic fruit.	['93495069191.png', '06394167464.png', '06042448877.png', '05077953654.png', '78987987234.png']
93	hot air	Extended Evaluation	idiomatic	French men, proud of their prowess as lovers, may actually be all hot air, according to a study by the National Demographic Studies Institute.	['77264687541.png', '89737120781.png', '48525665730.png', '19437803275.png', '29808225580.png']
94	green light	Extended Evaluation	literal	He was so frightened he wouldn't let the driver go across a green light in case he hit Rebecca and the twins coming the other way.	['72339930251.png', '04667789878.png', '63956198682.png', '36006482410.png', '92816156424.png']
95	watering hole	Extended Evaluation	literal	It fits in perfectly with the surroundings and overlooks a watering hole visited every day by elephant, buffalo, giraffe and antelope.	['45198868436.png', '12210905416.png', '57736752320.png', '63209822903.png', '21089764392.png']
96	flying saucer	Extended Evaluation	idiomatic	There is a display here featuring some of the unknown artifacts found at the site where a flying saucer allegedly crashed in 1947.	['97131856113.png', '04578120988.png', '21183142808.png', '17261577480.png', '70585017093.png']
97	act of god	Extended Evaluation	idiomatic	Whether an event is intentional, accidental or an act of God, knowing how to properly respond when a crisis occurs in the workplace is critical.	['51312988406.png', '25535728219.png', '80127117511.png', '65241916168.png', '12299908003.png']
98	field work	Extended Evaluation	idiomatic	One of the highlights of the Mississippi Freedom Project happened during our first year of oral history field work in the town of Indianola.	['78594158224.png', '94714784108.png', '68928909822.png', '32932863559.png', '13420702948.png']
99	big wig	Extended Evaluation	literal	Montenegro used a big wig and glasses to deliver chatty, comic commentary and criticisms, some concerning the local government.	['92259697009.png', '18840491848.png', '67934395104.png', '93943101695.png', '49309437311.png']
