	compound	subset	sentence_type	sentence	expected_order
0	caixa preta	Test	literal	Fui à loja comprar uma caixa colorida para decorar o escritório, mas só tinha caixa preta.	['74286981889.png', '67551849161.png', '02617555490.png', '78074168989.png', '04933761386.png']
1	água doce	Test	literal	Muita gente toma água com açúcar pra se acalmar, mas por causa do diabetes eu não posso ingerir água doce.	['60718356798.png', '93704824032.png', '35657964996.png', '52906318587.png', '78610302321.png']
2	algodão doce	Test	idiomatic	Esta máquina de algodão doce profissional é perfeita para eventos e festas.	['02435667093.png', '59437741462.png', '58070129781.png', '52781925731.png', '89608564565.png']
3	alto mar	Test	literal	A maré subiu enquanto o menino nadava e o alto ar o deixou submerso.	['48227996732.png', '06187252072.png', '39706172854.png', '24004322677.png', '84134178486.png']
4	tapete vermelho	Test	idiomatic	Watts afirmou em entrevista, em um tapete vermelho pouco concorrido, que estava preocupada com o que os filhos de Diana, os príncipes William e Harry, iriam pensar de o filme caso o vejam.	['50992610818.png', '46251467125.png', '13926060291.png', '10431181796.png', '58378881138.png']
5	planta baixa	Test	literal	 Comprei dois tipos de planta para o meu jardim, uma planta alta para colocar rente ao muro e uma planta baixa para colocar ao longo da passarela.	['41754702570.png', '21109433823.png', '70101232875.png', '28962122356.png', '62352927218.png']
6	alta costura	Test	idiomatic	A alta costura passou por uma transição ao longo dos anos, deixando de ser um trabalho puramente artesanal para se tornar sinônimo de luxo exclusivo.	['70493815107.png', '79987583683.png', '01458934803.png', '71020269096.png', '93437213273.png']
7	banho turco	Test	literal	Cheguei ao hotel em Instambul louca para tomar um banho quente e relaxante, mas esse primeiro banho turco acabou saindo caro porque a água estava gelada.	['86107250024.png', '53457565277.png', '90701681330.png', '76083698410.png', '09201029293.png']
8	olho mágico	Test	idiomatic	Antes de abrir a porta, ela sempre verifica quem está do outro lado pelo olho mágico.	['91850910211.png', '96914382543.png', '51626211860.png', '57719823483.png', '19987424768.png']
9	príncipe encantado	Test	literal	A plebeia era tão gentil que o príncipe encantando com tanta gentilieza esqueceu o que queria dizer.	['86125268453.png', '54432719915.png', '12557039643.png', '85049371852.png', '42297212917.png']
10	sangue quente	Test	idiomatic	Ele sempre foi conhecido por seu temperamento sangue quente, reagindo impulsivamente em situações de conflito.	['70481704699.png', '39552358212.png', '64013897524.png', '41192325343.png', '08797399094.png']
11	corda bamba	Test	literal	O acrobata se equilibrava com precisão sobre a corda bamba, enquanto o público assistia com o coração na mão a cada passo arriscado.	['02767683630.png', '29938254161.png', '35229968369.png', '45623583863.png', '09031320100.png']
12	olho gordo	Test	idiomatic	Ela morre de olho gordo nas conquistas dos outros, sempre com inveja do sucesso alheio.	['78720612637.png', '93368041185.png', '79784651916.png', '56997362546.png', '96932911383.png']
