compound	subset	sentence_type	expected_item
cold turkey	Sample	idiomatic	00954307870.png
seal of approval	Train	literal	27296070430.png
best man	Train	idiomatic	31910476019.png
new blood	Sample	idiomatic	76255509402.png
ancient history	Sample	idiomatic	26774440560.png
agony aunt	Sample	literal	05994780756.png
open goal	Train	idiomatic	09897407571.png
white whale	Train	literal	07076874098.png
bad apple	Sample	idiomatic	41016103905.png
guinea pig	Sample	literal	47107607630.png
dead wood	Train	idiomatic	34634450516.png
panda car	Sample	idiomatic	53518854671.png
bells and whistles	Train	idiomatic	67245826142.png
swan song	Train	idiomatic	02819598764.png
silver bullet	Train	idiomatic	81032963569.png
acid test	Sample	idiomatic	05014052511.png
cutting edge	Sample	idiomatic	18122871103.png
second nature	Train	literal	05292527040.png
dutch courage	Train	literal	43914006500.png
sour grapes	Sample	literal	31339756813.png
