compound	subset	sentence_type	sentence	expected_order
elbow grease	Train	idiomatic	It took a lot of elbow grease to get the old engine running again.	['35234427395.png', '53378381715.png', '39938261459.png', '74852536462.png', '54879908369.png']
night owl	Train	idiomatic	It's a constant battle for us, as he is a morning person and I am a night owl, so I find that going to sleep at 9.30 really cuts out the best hours.	['61697797701.png', '93189810779.png', '89375227504.png', '00982495584.png', '93541983868.png']
heart of gold	Train	idiomatic	Even the somewhat seedy failed private eye has a heart of gold (and a bad hairstyle).	['86137977215.png', '78062290185.png', '54240592941.png', '92088849364.png', '90660547751.png']
agony aunt	Sample	idiomatic	ESA's Space Weather Office is like Europe's stellar agony aunt, offering forecasts, advice and information for any organisation, individual or institution vulnerable to space phenomena.	['83600499282.png', '57658144685.png', '02512838127.png', '32964421720.png', '92533456778.png']
shrinking violet	Train	idiomatic	This aged, rich wine is no shrinking violet with its with peppery, meaty focus and its broad yet tannic palatal impressions.	['77861539717.png', '68016869942.png', '11844321898.png', '45394842176.png', '97482048489.png']
green fingers	Train	literal	The toddler ran in and proudly held up a picture of a tree as her green fingers threatened to smear paint on the kitchen walls and cupboards.	['38213294711.png', '92628846416.png', '88406435457.png', '10027562830.png', '88683770392.png']
ancient history	Train	literal	This course will suit anyone fascinated by Greece and Rome, who recognises the continuing influence of ancient history on the modern world.	['97760341223.png', '89162981347.png', '91744816929.png', '80235397834.png', '20677180119.png']
banana republic	Train	idiomatic	They are a boogeyman he scares you with while he colludes with your enemies, turns your country into a banana republic and uses the office to enrich himself.	['09384622843.png', '14331448769.png', '42960735833.png', '59540059198.png', '54445954523.png']
devil's advocate	Train	literal	The manga follows Hinata, who gives up his job as the Devil's advocate and abandons the afterlife to pursue his dream of opening an American diner.	['45875492932.png', '77995675587.png', '86883605636.png', '95645261777.png', '11847407637.png']
private eye	Train	idiomatic	If you want dirt, the private eye suggested, you should steal the man's garbage.	['86990947307.png', '66264001169.png', '95762945875.png', '42541218123.png', '37448041335.png']
pipe dream	Train	idiomatic	The result is that whether you sleep on your back or your side, the ultimate night's sleep is no longer a pipe dream.	['02795863019.png', '41486582831.png', '57336253001.png', '89899531949.png', '75172836336.png']
piece of cake	Train	literal	He picked up the piece of cake and took a large bite, chewing noisily.	['78485019666.png', '04237996522.png', '55124577858.png', '96911519929.png', '84842839046.png']
rocket science	Train	idiomatic	This isn't rocket science: he talks about basic business skills like negotiation, time management and creativity.	['89043407312.png', '66888109136.png', '83472329575.png', '05490541317.png', '61309592117.png']
brass ring	Train	literal	A composite gaming chip which includes a strong frame made of a brass ring with axial protrusions and a central aperature with notches.	['96956947028.png', '80706529304.png', '95672336968.png', '65189326623.png', '51003386336.png']
apples and oranges	Train	literal	Another one of us asked parents to cut up different types of apples and oranges, taste them, talk about their differences and go through a range of other experiences.	['34972099351.png', '06670601370.png', '06706738051.png', '47167686168.png', '78981196177.png']
nest egg	Train	idiomatic	Some would be better off with no insurance and using the money saved to build a nest egg to see them through lean times or pay off their debt.	['02370420010.png', '18562114617.png', '23144357017.png', '61212005778.png', '62701169481.png']
ghost town	Train	literal	Our wanderings had led us perilously close to the walls of the ghost town where restless spirits haunted the streets, eager to absorb the vitatlity of the living.	['77229322693.png', '08510094453.png', '95676628446.png', '81343436490.png', '96149834283.png']
bull market	Train	idiomatic	The three year bull market in equities has certainly boosted the fortunes of these companies by increasing the value of their assets.	['55188636806.png', '16206684278.png', '52868171709.png', '32267606120.png', '02072099056.png']
beached whale	Train	idiomatic	One scene is the Strip, which he described as a beached whale, and the neighborhood dining scene, which is making successful efforts to adapt.	['29988565894.png', '44697847461.png', '37685710911.png', '67110850257.png', '10430203037.png']
flower child	Sample	literal	Players take on the role of a young flower child, with customisation options to alter the appearance of their petals and leaves.	['31939147449.png', '70564136759.png', '71677279296.png', '27113356190.png', '66547801519.png']
copy cat	Train	literal	The playful kitten, a miniature copy cat, mimicked the yoga poses of its human owner, its tiny paws mirroring the intricate movements.	['76230045663.png', '39497588644.png', '24801323866.png', '82991780025.png', '82047847966.png']
lounge lizard	Train	idiomatic	Barry was the first, an archetypal lounge lizard in his shiny suit and overpowering aftershave; I met him in my local nightclub.	['60914711661.png', '98466676612.png', '71941017088.png', '90408626150.png', '89810040757.png']
secret santa	Train	literal	St Nicholas becomes a secret santa in this fun adventure, going undercover to keep an eye on the elves in his workshop.	['43012219877.png', '53937857464.png', '73884284579.png', '43315095878.png', '83896740010.png']
dirty word	Train	literal	They traced the letters onto the window in mud with their fingers, forming a dirty word which they hoped would lead the others to their location.	['36466202137.png', '24899523859.png', '06993539786.png', '44754936991.png', '14069763077.png']
close shave	Train	literal	This kind of close shave is optimal for many men, but for others can contribute to skin irritation or a propensity for ingrown hairs.	['61687169887.png', '36654367033.png', '15095694666.png', '55410405875.png', '89483662888.png']
donkey work	Train	literal	We have the donkey work from the stable if it is raining because it is the only shelter we have.	['18787432584.png', '18911527144.png', '20662025964.png', '21236393136.png', '06637246420.png']
bear market	Train	idiomatic	Our exposure to technology, sector bets, and decision to increase equity exposure during the depth of the bear market helped position the fund to outperform.	['41056104334.png', '81955291670.png', '81444958673.png', '34535041645.png', '99596916072.png']
top dog	Train	literal	The top dog in the neighborhood seemed to be guarding the alley from passing cats all day.	['62040589986.png', '43207170783.png', '38568900802.png', '76177115752.png', '44297130521.png']
dog's dinner	Sample	literal	Whether your kitty is tempted to sneak a bite of your dog's dinner or you've run out of cat food, you may be wondering if cats can eat dog food.	['69872042441.png', '47446416377.png', '43893542130.png', '25221168152.png', '26296913805.png']
white hat	Train	idiomatic	We only use white hat, ethical search engine optimization techniques that will lead to long term success and unlike many SEO firms we will never use any tactics that have a risk of harming your site.	['50305046415.png', '39481587509.png', '11696820520.png', '13755461305.png', '12124292214.png']
smoking gun	Train	idiomatic	This really is the smoking gun of a watery past for Mars, says David Grinspoon, principal scientist at the Southwest Research Institute in Boulder.	['57957044165.png', '22927734727.png', '30396026278.png', '58880185181.png', '32526851715.png']
old flame	Train	idiomatic	She ran into an old flame at the high school reunion.	['31217316388.png', '17267051988.png', '06168811595.png', '35771360108.png', '47140387353.png']
zebra crossing	Train	literal	Our driver had to brake hard when we encountered a zebra crossing the road, looking for fresh grazing.	['62775742958.png', '24926483896.png', '58091284576.png', '69410806712.png', '50338175575.png']
eye candy	Train	literal	There was plenty of delicious eye candy on offer at the Halloween party, and the group enjoyed eating the various themed snacks on display.	['33933826748.png', '74941070286.png', '00230957504.png', '77288299313.png', '67393713269.png']
ivory tower	Train	idiomatic	Recently the globalization adversaries emerged; the experts at the universities had to abandon their ivory towers and present their research at the market place in order to rebuild public confidence.	['19861926689.png', '39323799209.png', '05445068868.png', '45153820818.png', '09597167816.png']
black sheep	Train	idiomatic	While DS9 was looked at as the black sheep of the Star Trek franchise for many years, it has found a renewed and dedicated fanbase thanks to Netflix.	['80118206373.png', '40244159873.png', '94022502719.png', '52872475612.png', '85414168973.png']
armchair critic	Train	literal	The magazine, aimed at trendy homeowners, publishes furniture reviews by its resident armchair critic alongside coffee prearation tips.	['36891525128.png', '66678388745.png', '27123744055.png', '22768920335.png', '67127914712.png']
gravy train	Train	idiomatic	It represented them having signed away their birthright so that they can join their fellow politicians on the gravy train.	['65809438894.png', '57293389133.png', '65362654761.png', '54540831700.png', '98011817158.png']
rat race	Sample	idiomatic	Get the heck out of the rat race, move to rural America, plant a huge garden, raise chickens, and keep a year's worth of food in the root cellar.	['27816548474.png', '28647406758.png', '04209106095.png', '97737199528.png', '45504234188.png']
hot potato	Train	literal	The kransky wasn't amazing, and the poached eggs were good, but the apple compote as well as the hot potato and cauliflower slaw were great.	['20231777670.png', '73009108593.png', '95656943243.png', '84435539379.png', '31362616456.png']
spring chicken	Train	idiomatic	Paice is no spring chicken and what he lacked in raw speed he made up with flair and aesthetic.	['20324325790.png', '76118640398.png', '81474137778.png', '66116309434.png', '57301692989.png']
love triangle	Train	literal	At the craft fair, the artist sold pendants shaped like a love triangle, with each side adorned with intricate heart patterns.	['70080592856.png', '16857080306.png', '66352366466.png', '59548334929.png', '56377316808.png']
black box	Train	literal	The unit is encased in an attractive anodized black box that provides EMI/RFI shielding and allows for secure mounting with its threaded inserts on the bottom of its chassis.	['41077897719.png', '60904898706.png', '76956198734.png', '82295944756.png', '73920583487.png']
hen party	Train	literal	In the barnyard, the hens gathered for their early morning hen party, pecking at the scattered feed and clucking excitedly.	['64751387734.png', '14218153967.png', '16686328418.png', '77119535961.png', '37074365923.png']
acid test	Sample	literal	There are qualitative chemical physiologies, for example, the acid test for gold and the Kastle-Meyer test for the presence of blood.	['03133054749.png', '45105971201.png', '02817176209.png', '38840705602.png', '76398012989.png']
inner circle	Train	idiomatic	Formal or informal contacts with the prime minister or his inner circle are now greatly prized by the persuaders.	['32590417205.png', '60203367715.png', '34506090318.png', '69620536561.png', '74028690231.png']
bad apple	Sample	idiomatic	The problem for them, of course, is how to explain how these few bad apples managed to stay in place for so many years.	['39242366111.png', '43074669652.png', '87462057419.png', '82053252112.png', '78200848882.png']
honey trap	Train	idiomatic	Thousands of people are turning to the internet for more information - leading them straight into the honey trap set up by cybercriminals.	['37674249712.png', '39822764653.png', '35168957863.png', '66042334676.png', '13606752629.png']
pins and needles	Train	literal	I did a sweep for stray pins and needles and packaged up the tissue paper pattern pieces, folding along my muslin adjustments with them.	['18951355308.png', '31343098424.png', '69262707128.png', '24771463968.png', '62351469038.png']
bun in the oven	Train	literal	Popping a stale bun in the oven for a few minutes will let you make tasty lunches for an extra day or two.	['68092803556.png', '69447699784.png', '50796495623.png', '24126898562.png', '64309391652.png']
loan shark	Train	literal	Our mermaid heroine visits a loan shark which offers her the shells she needs in exchange for repayment and a favor once she becomes queen.	['57469910132.png', '91154880140.png', '36582309103.png', '72575235835.png', '32211216966.png']
open book	Train	idiomatic	Our conversation was wide-ranging and candid as, unlike other CEOs, Rénier was an open book and willing to speak about anything that came her way.	['34251825412.png', '64138598987.png', '58632881432.png', '06126366716.png', '59859593427.png']
baby blues	Sample	idiomatic	However, the symptoms of baby blues are mild and usually disappear after a couple of weeks.	['04071685511.png', '60185641466.png', '46456209569.png', '78529931749.png', '91570497980.png']
silver bullet	Sample	literal	Chastel had loaded a custom made silver bullet into his gun with which he fired on the creature and killed the beast with a single shot.	['42403978271.png', '48187131860.png', '14577105224.png', '87765926961.png', '44193989525.png']
brain surgery	Train	idiomatic	The know-how necessary to keep physicians financially healthy might not be brain surgery, but it can be cumbersome and complicated.	['14221797226.png', '00389092717.png', '20059340578.png', '77652241695.png', '14803973068.png']
red flag	Train	idiomatic	The biggest red flag of all, though, was that neither newspaper ever linked to the supposed study of violence in teenagers.	['49339545808.png', '31173191426.png', '63105721515.png', '88424293285.png', '59390351123.png']
white elephant	Train	idiomatic	Miami's original Metrorail line was a white elephant when it was built and it remains one today.	['25156360931.png', '95221758898.png', '14504224870.png', '61362577917.png', '81445236099.png']
two-way street	Train	literal	In many cases, two-way streets result in twice as many pedestrian accidents as one way.	['02864043166.png', '77388092739.png', '70843122394.png', '83632254366.png', '64314348310.png']
rat run	Train	idiomatic	Residents were concerned about speeding vehicles, including the delivery lorries and the road being used as a rat run.	['87303309822.png', '60896460729.png', '94938520064.png', '55855203654.png', '32737581165.png']
graveyard shift	Train	idiomatic	He moved from the 10 pm slot to his lower profile life as a DJ on Radio Norwich's graveyard shift.	['50466267708.png', '50809642929.png', '39559921078.png', '83947965924.png', '11712779940.png']
dirty money	Train	idiomatic	When dirty money disappears offshore, it becomes more difficult for governments to tackle corruption.	['08230960409.png', '24738184590.png', '62777714452.png', '46913780614.png', '58491774071.png']
high life	Train	idiomatic	It just showed how she still lived the high life while everyone else endured rationing.	['40542311053.png', '49516114391.png', '06164272353.png', '49177713448.png', '39122642061.png']
pain in the neck	Train	idiomatic	It usually causes high temperature and pain in the neck, jaw or ear.	['86378892255.png', '06915129382.png', '99595459963.png', '08190047042.png', '59520456167.png']
guinea pig	Sample	idiomatic	A former resident of one of the homes said she was used as a guinea pig for vaccines at a home in Cork, before being adopted in 1961.	['20717384670.png', '05733696351.png', '37944668726.png', '66149700285.png', '14575503360.png']
cat's eyes	Train	idiomatic	American roads in the South do have cat's eyes but we don't have them in regions with snow because the plows would scrape them up every winter.	['40926790413.png', '07373156187.png', '22025540184.png', '97172825746.png', '89307973022.png']
cold turkey	Sample	literal	When you're serving cold turkey, take out only as much as you're going to use and put the rest back in the fridge.	['47545447824.png', '78631376435.png', '16239351344.png', '53986444390.png', '65148693634.png']
low-hanging fruit	Train	idiomatic	Howard said there was a lot of low-hanging fruit to be found in customers who have large back-office teams ready for automation.	['87359560017.png', '28404294077.png', '91117857131.png', '42866872474.png', '20825217491.png']
busy bee	Train	idiomatic	There's no need to worry if you're a busy bee - even just 10 minutes of meditation can bring many benefits.	['33246843335.png', '27532602036.png', '50516840411.png', '13914680332.png', '50206720330.png']
wet blanket	Train	literal	Wet blankets draped over neighboring cabins prevented the fire from spreading.	['28147683669.png', '88635314726.png', '39385479814.png', '03496279195.png', '64522104806.png']
chicken feed	Train	literal	Feed pets inside and do not leave pet, livestock or chicken feed outside.	['37795851361.png', '57390097066.png', '21271058237.png', '95410072019.png', '48528496115.png']
