compound	subset	sentence_type	sentence	expected_order
mercado negro	Train	idiomatic	O mercado negro prospera em áreas onde a oferta e a demanda por produtos ilegais são altas, frequentemente prejudicando a economia local.	['31715881691.png', '60524550187.png', '58117674239.png', '26694547358.png', '76497154639.png']
primeiro ministro	Train	idiomatic	O primeiro ministro da Inglaterra anunciou novas políticas econômicas para enfrentar a crise.	['16439241697.png', '42787979233.png', '61884881442.png', '46099323548.png', '12897162305.png']
terceira idade	Train	literal	Os alunos foram divididos por faixa etária. Na terceira idade a ser chamada entraram os de 18 anos.	['22796432765.png', '97227704507.png', '85112251736.png', '69062547309.png', '18679886725.png']
gato pingado	Train	literal	Com a chuva forte, o gato acabou caindo do telhado e, por sorte, esse gato pingado no chão não se machucou.	['59540992708.png', '65336750475.png', '43173029876.png', '55647168373.png', '20573898736.png']
pombo correio	Train	literal	Na antiguidade, as mensagens eram enviadas por pombo correio, que voavam de uma cidade a outra.	['76818357272.png', '48829513147.png', '33706290489.png', '91954240370.png', '42376241537.png']
disco rígido	Train	idiomatic	Ele armazenou todos os arquivos importantes no disco rígido externo para garantir uma cópia de segurança segura.	['80760862165.png', '74891183006.png', '38760223683.png', '96330925220.png', '49458238514.png']
gelo seco	Train	idiomatic	O cientista usou gelo seco para manter a temperatura baixa durante os experimentos, criando uma névoa impressionante ao redor do laboratório.	['26179639477.png', '74287529434.png', '22537628912.png', '02369845891.png', '92357700219.png']
caixa forte	Train	idiomatic	O tesouro da empresa está guardado em uma caixa forte de alta segurança, acessível apenas a poucas pessoas de confiança.	['63654645142.png', '13168497637.png', '45184626899.png', '48536641616.png', '77834526508.png']
secretária eletrônica	Train	literal	Essa nova linha de robôs está muito avançada. Comprei uma secretária eletrônica que parece humana, até cafezinho ela oferece.	['27101837220.png', '93656830430.png', '31683210111.png', '64657328859.png', '42184159162.png']
novo mundo	Train	idiomatic	A tecnologia está criando um novo mundo de possibilidades para a educação e o trabalho.	['71981701972.png', '97450075756.png', '47780364297.png', '60023714137.png', '62973758191.png']
sinal verde	Train	literal	Me parece que somos muito mais livres quando obedecemos a sinais de trânsito, quando tenho sinal verde ou vermelho, quando tenho faixas, placas, aonde posso criar um ambiente de convívio muito mais harmonioso. 	['03367887215.png', '99669033984.png', '26902470193.png', '04275010628.png', '95417582449.png']
mesa redonda	Train	idiomatic	Após a palestra, houve uma mesa redonda com especialistas para discutir os diferentes pontos de vista sobre o tema.	['08553429021.png', '03861149240.png', '23768311573.png', '32161871097.png', '78581468074.png']
elefante branco	Train	literal	O zoológico da cidade tinha 2 elefantes, um elefante cinza e um elefante branco.	['93616930527.png', '54807819614.png', '49269364538.png', '07611604473.png', '48292839516.png']
longa metragem	Train	literal	O engenheiro desenvolveu um novo aparelho que mede curta e longa metragem, facilitando o trabalho dos pedreiros.	['78465655362.png', '86542881281.png', '41904119428.png', '77247360112.png', '52782349814.png']
ovelha negra	Train	literal	João comprou 10 ovelhas para o sítio, sendo 9 brancas e só uma era uma ovelha negra.	['74688306810.png', '73904543632.png', '60639831560.png', '55142745756.png', '51236296977.png']
pé quente	Train	literal	Ricardo se sentou perto do aquecedor e acabou ficando com o pé quente.	['70994201665.png', '26801521006.png', '55123899683.png', '47150725063.png', '03783887095.png']
lista negra	Train	literal	O assistente dividiu a planilha com uma lista em cada coluna e atribuiu uma cor a cada uma delas, uma era a lista negra e outra era a lista amarela.	['77099828624.png', '90176373849.png', '03393789939.png', '30336393396.png', '08939814087.png']
gripe suína	Train	idiomatic	A gripe suína se espalhou rapidamente em várias partes do mundo, levando autoridades de saúde a alertar a população sobre a importância da vacinação.	['02333976628.png', '64571900780.png', '46871791803.png', '17762451433.png', '01564247854.png']
pé frio	Train	idiomatic	Sempre que eu vou ao estádio, meu time perde; acho que sou mesmo um pé frio.	['22037414724.png', '15113707855.png', '14815068046.png', '47313565188.png', '89776481454.png']
novo rico	Train	literal	Antônio ganhou na loteria e passou a ser o novo rico da família.	['62787172332.png', '44183152281.png', '75707595376.png', '04176751318.png', '37985583444.png']
puro sangue	Train	literal	O cozinheiro cortou a mão com a faca, e a bancada da cozinha ficou que era puro sangue.	['49702887971.png', '90522128505.png', '75116085282.png', '83418225162.png', '27688005843.png']
pronto socorro	Train	literal	Um passageiro passou mal no avião, mas um médico presente no voo prestou um pronto socorro e o passageiro ficou bem.	['22251713410.png', '17909235303.png', '90169952996.png', '75869299269.png', '32503052582.png']
quadro negro	Train	idiomatic	O professor escreveu a fórmula no quadro negro para que todos os alunos pudessem acompanhar a explicação.	['42019104456.png', '69545188965.png', '07613400383.png', '40172264747.png', '23640269149.png']
montanha russa	Train	literal	Fui ao parque de diversões e andei na montanha russa nova.	['46856447294.png', '85196482838.png', '57575614581.png', '53793872976.png', '27876484281.png']
massa cinzenta	Train	literal	Aquela massa cinzenta de nuvens era um prenúncio da tempestade que estava prestes a desabar.	['52737461818.png', '25873831813.png', '97167969189.png', '86887574935.png', '44798428331.png']
carro forte	Train	idiomatic	O carro forte chegou à agência bancária escoltado por seguranças armados, carregando uma grande quantia de dinheiro.	['95823684461.png', '42802242484.png', '19920253192.png', '90430430196.png', '51992613613.png']
roda gigante	Train	literal	O trator tinha uma roda gigante que o deixava tão alto, que o motorista precisava de uma escada para subir ao volante.	['95852547813.png', '09681654541.png', '00739720470.png', '59420065209.png', '15634596319.png']
primeira dama	Train	literal	As damas são apresentadas por ordem de status; a primeira dama a ser apresentada é sempre a mais importante.	['42931210617.png', '77468552640.png', '42933733827.png', '29344285659.png', '79654862653.png']
sétima arte	Train	literal	Fui àquela exposição interativa no Museu da Cidade e pude tocar em diversas esculturas. A sétima arte que toquei era uma estátua de centenas de anos.	['76955506801.png', '96238145449.png', '78819318019.png', '13541608862.png', '86319324913.png']
jogo duro	Train	idiomatic	Durante a negociação, ele decidiu fazer um jogo duro para garantir melhores condições e não ceder facilmente às exigências do outro lado.	['18438191417.png', '59410933597.png', '62388211423.png', '49759791350.png', '38930013164.png']
pão duro	Train	literal	O pão duro ficou 3 semanas sobre a mesa da cozinha até Joana voltar de viagem.	['97574459093.png', '32793389383.png', '05143297929.png', '41762928499.png', '69918107759.png']
cheiro verde	Train	idiomatic	O tempero ficou ainda melhor com a pitada de cheiro verde fresco, que trouxe um aroma irresistível ao prato.	['79049132779.png', '24400742379.png', '24893561880.png', '14426638744.png', '81011958042.png']
